Workbook

Sheet 모델
A1: 💰 하루 순이익 모델
A2: 노랑칸(파란글씨)만 바꾸면 전부 자동 계산됩니다
A4: 입력 (가정)
A5: 영업시간 (초/일) | B5: 240 | C5: (24-8)시 × 15초/시간
A6: 평균 스폰간격 (초) | B6: 20 | C6: (min10+max30)/2
A7: 마케팅 배수 | B7: 1 | C7: 마케팅 0개=1.0, 3개=약2.03
A8: 좌석 수 | B8: 3 | C8: 동시 수용 손님 수
A9: 손님 1명 평균 점유시간 (초) | B9: 30 | C9: 주문+조리+식사+퇴장
A10: 하루 인건비 합계 (₩) | B10: 1900 | C10: 고용 직원 월급 합 (1달=1일)
A12: 계산
A13: 유효 스폰간격 (초) | B13: =B6/B7 -> 20 | C13: 스폰간격 ÷ 마케팅배수
A14: 이론상 손님/일 | B14: =B5/B13 -> 12 | C14: 좌석 무제한 가정
A15: 처리한계 손님/일 | B15: =B8*B5/B9 -> 24 | C15: 좌석×영업시간 ÷ 점유시간
A16: 실제 손님/일 | B16: =MIN(B14,B15) -> 12 | C16: 둘 중 작은 값(병목)
A17: 평균 지갑 (매장) | B17: =손님!B12 -> 14285.714 | C17: ← 손님 시트
A18: 평균 마진율 | B18: =메뉴!F29 -> 0.731811 | C18: ← 메뉴 시트
A19: 손님당 순이익 (₩) | B19: =B17*B18 -> 10454.443 | C19: 지갑 전액 결제 가정
A20: 하루 총이익 (₩) | B20: =B16*B19 -> 125453.31
A21: 하루 인건비 (₩) | B21: =B10 -> 1900 | C21: 입력값
A22: 하루 순이익 (₩) | B22: =B20-B21 -> 123553.31
A24: 성장 게이트까지 걸리는 일수
A25: DT 해금 | B25: =IF($B$22<=0,"적자",맵확장!B4/$B$22) -> 1.2140508 | C25: 비용 ÷ 하루순이익
A26: 2층 해금 | B26: =IF($B$22<=0,"적자",맵확장!B5/$B$22) -> 2.023418 | C26: 비용 ÷ 하루순이익
A27: 화장실 해금 | B27: =IF($B$22<=0,"적자",맵확장!B6/$B$22) -> 3.2374688 | C27: 비용 ÷ 하루순이익

Sheet 메뉴
A1: 메뉴 (수익원) — 조리도구 매칭
A2: 파랑=입력 / 회색=자동계산(손대지 마세요) / '조리도구'는 드롭다운 선택
A3: 메뉴 | B3: 조리도구 | C3: 가격(₩) | D3: 원가(₩) | E3: 마진(₩) | F3: 마진율 | G3: 수요weight | H3: 해금비(만족도)
A4: Bacon | B4: Grill | C4: 3000 | D4: 825 | E4: =C4-D4 -> 2175 | F4: =IF(C4=0,0,E4/C4) -> 0.725 | G4: 0.5 | H4: 500
A5: Bread | B5: BreadRack | C5: 2000 | D5: 550 | E5: =C5-D5 -> 1450 | F5: =IF(C5=0,0,E5/C5) -> 0.725 | G5: 0.5 | H5: 500
A6: Burger | B6: Grill | C6: 5500 | D6: 1513 | E6: =C6-D6 -> 3987 | F6: =IF(C6=0,0,E6/C6) -> 0.72490909 | G6: 0.5 | H6: 800
A7: Burrito | B7: Microwave | C7: 6000 | D7: 1800 | E7: =C7-D7 -> 4200 | F7: =IF(C7=0,0,E7/C7) -> 0.7 | G7: 0.5 | H7: 1000
A8: CheeseCake | B8: BreadRack | C8: 6000 | D8: 1650 | E8: =C8-D8 -> 4350 | F8: =IF(C8=0,0,E8/C8) -> 0.725 | G8: 0.5 | H8: 1000
A9: ChocolateCake | B9: BreadRack | C9: 7000 | D9: 1923 | E9: =C9-D9 -> 5077 | F9: =IF(C9=0,0,E9/C9) -> 0.72528571 | G9: 0.5 | H9: 1050
A10: Cookies | B10: BreadRack | C10: 2500 | D10: 688 | E10: =C10-D10 -> 1812 | F10: =IF(C10=0,0,E10/C10) -> 0.7248 | G10: 0.5 | H10: 700
A11: Curry | B11: Grill | C11: 8000 | D11: 2200 | E11: =C11-D11 -> 5800 | F11: =IF(C11=0,0,E11/C11) -> 0.725 | G11: 0.5 | H11: 1100
A12: Dumplings | B12: Grill | C12: 6000 | D12: 1650 | E12: =C12-D12 -> 4350 | F12: =IF(C12=0,0,E12/C12) -> 0.725 | G12: 0.5 | H12: 800
A13: FrenchFries | B13: Fryer | C13: 4000 | D13: 850 | E13: =C13-D13 -> 3150 | F13: =IF(C13=0,0,E13/C13) -> 0.7875 | G13: 0.5 | H13: 700
A14: FriedEgg | B14: Grill | C14: 1500 | D14: 413 | E14: =C14-D14 -> 1087 | F14: =IF(C14=0,0,E14/C14) -> 0.72466667 | G14: 0.5 | H14: 50
A15: FruitCake | B15: BreadRack | C15: 6500 | D15: 1788 | E15: =C15-D15 -> 4712 | F15: =IF(C15=0,0,E15/C15) -> 0.72492308 | G15: 0.5 | H15: 1000
... A28: eggTart | B28: BreadRack | C28: 3000 | D28: 825 | E28: =C28-D28 -> 2175 | F28: =IF(C28=0,0,E28/C28) -> 0.725 | G28: 0.5 | H28: 500
A29: 평균 | E29: =AVERAGE(E4:E28) -> 4067.48 | F29: =AVERAGE(F4:F28) -> 0.731811

Sheet 손님
A1: ss
A3: 손님 | B3: 지갑(₩) | C3: 시작만족 | D3: 인내심(초) | E3: 식사+/초 | F3: 대기-/초 | G3: 식사속도 | H3: 이동속도 | I3: weight | J3: 시작해금
A4: Blonde | B4: 17000 | C4: 50 | D4: 50 | E4: 5 | F4: 3 | G4: 7 | H4: 1 | I4: 1 | J4: X
A5: Boy | B5: 7000 | C5: 80 | D5: 50 | E5: 5 | F5: 3 | G5: 7 | H5: 1 | I5: 1 | J5: X
A6: College | B6: 11000 | C6: 50 | D6: 50 | E6: 5 | F6: 3 | G6: 5 | H6: 1 | I6: 1 | J6: O
A7: DTCustomerData | B7: (DT/배달) | C7: 50 | D7: 30 | F7: 3 | H7: 2 | I7: 1
A8: LittleGirl | B8: 7000 | C8: 80 | D8: 50 | E8: 5 | F8: 3 | G8: 9 | H8: 1 | I8: 1 | J8: X
A9: OfficeWorker | B9: 20000 | C9: 40 | D9: 50 | E9: 5 | F9: 3 | G9: 4 | H9: 1 | I9: 1 | J9: X
A10: Police | B10: 15000 | C10: 55 | D10: 50 | E10: 5 | F10: 3 | G10: 5 | H10: 1 | I10: 1 | J10: X
A11: Rapper | B11: 23000 | C11: 60 | D11: 50 | E11: 5 | F11: 3 | G11: 2 | H11: 1 | I11: 1 | J11: X
A12: 평균 지갑(매장) | B12: =AVERAGE(B4,B5,B6,B8,B9,B10,B11) -> 14285.714

Sheet 직원
A1: 직원 (인건비 / 능력)
A3: 직원 | B3: 고용비(₩) | C3: 월급(₩) | D3: 이동속도 | E3: 속도배수 | F3: 친절 | G3: 배달시간
A4: Cook_Junior | B4: 8000 | C4: 1000 | D4: 1 | E4: 1 | F4: 2 | G4: 0
A5: Cook_Senior | B5: 12000 | C5: 2500 | D5: 1.5 | E5: 1.5 | F5: 4 | G5: 0
A6: Cook_Manager | B6: 16000 | C6: 5000 | D6: 2 | E6: 2 | F6: 6 | G6: 0
A7: Server_Junior | B7: 10000 | C7: 1200 | D7: 1.1 | E7: 1 | F7: 3 | G7: 0
A8: Server_Senior | B8: 15000 | C8: 3000 | D8: 1.7 | E8: 1.3 | F8: 7 | G8: 0
A9: Server_Manager | B9: 20000 | C9: 5500 | D9: 2.5 | E9: 1.6 | F9: 10 | G9: 0
A10: Rider_Junior | B10: 8000 | C10: 800 | D10: 1 | E10: 1 | F10: 1 | G10: 30
A11: Rider_Senior | B11: 12000 | C11: 2000 | D11: 1.5 | E11: 1.3 | F11: 2 | G11: 20
A12: Rider_Manager | B12: 16000 | C12: 4000 | D12: 2 | E12: 1.6 | F12: 3 | G12: 10

Sheet 가구
A1: 가구 / 조리도구
A2: 조리타입은 읽기전용(매칭 enum). 사용시간=조리시간.
A3: 항목 | B3: 조리타입 | C3: 설치비(₩) | D3: 해금비(만족도) | E3: 사용시간(초)
A4: Counter | B4: - | C4: 50000 | D4: 0 | E4: -
A5: PassWindow | B5: - | C5: 35000 | D5: 0 | E5: -
A6: Phone | B6: - | C6: 100000 | D6: 3000 | E6: -
A7: Seat_1p | B7: - | C7: 40000 | D7: 0 | E7: -
A8: BreadRack | B8: 6 | C8: 50000 | D8: 1000 | E8: 10
A9: FishCuttingTable | B9: 7 | C9: 80000 | D9: 1300 | E9: 12
A10: Fryer | B10: 6 | C10: 20000 | D10: 700 | E10: 8
A11: Grill | B11: 0 | C11: 10000 | D11: 50 | E11: 5
A12: IceCreamMachine | B12: 4 | C12: 50000 | D12: 1100 | E12: 5
A13: Microwave | B13: 5 | C13: 50000 | D13: 1000 | E13: 8
A14: Sink | B14: - | C14: 50000 | D14: 0 | E14: -
A15: Toilet_1 | B15: - | C15: 30000 | D15: 0 | E15: -
A16: Toilet_2 | B16: - | C16: 50000 | D16: 0 | E16: -
A17: Toilet_3 | B17: - | C17: 70000 | D17: 0 | E17: -

Sheet 맵확장
A1: 맵 확장 게이트
A3: 확장 | B3: 비용(₩) | C3: 설명
A4: Stage1_DTUnlock | B4: 150000 | C4: DT(드라이브스루) 해금
A5: Stage2_Floor2Hall | B5: 250000 | C5: 2층 홀 확장
A6: Stage3_Floor2Toilet | B6: 400000 | C6: 2층 화장실 확장

Sheet 마케팅
A1: 마케팅 캠페인
A3: 마케팅 | B3: boost | C3: 만족도비 | D3: 기간(달) | E3: 설명
A4: FlyerAd | B4: 0.7 | C4: 250 | D4: 2 | E4: 전단지
A5: SNSAd | B5: 1.8 | C5: 750 | D5: 3 | E5: SNS
A6: TVAd | B6: 4 | C6: 1500 | D6: 4 | E6: TV
A8: 실효 배수 = 1 + ln(1 + Σboost)
